{"NebulaLayer0":{"alpha":1,"density":0.00532018091088416,"dither_enabled":true,"index":0,"modulation_alpha_intensity":0.22,"modulation_color":"ad1818ff","modulation_density":0.0052951897902873,"modulation_enabled":true,"modulation_intensity":0.56,"modulation_seed":-258823677,"modulation_steps":10,"oscillate":true,"oscillation_intensity":0.0261194029850746,"oscillation_offset":0.8,"oscillation_rate":0.8,"palette":"iVBORw0KGgoAAAANSUhEUgAAAA4AAAABCAYAAADuHp8EAAAAAXNSR0IArs4c6QAAAC1JREFUCJljFGbiWM6ABniYOUxgbCEGPhUGBgYGUU5eBjMuQYZIFT0GLTcuBgBFkwL2hGuwigAAAABJRU5ErkJggg==","resolution":"(360, 240)","seed":-2026998170,"speed":6,"threshold":0.25,"title":"BG Nebula Red"},"NebulaLayer1":{"alpha":0.56,"density":0.112781858847192,"dither_enabled":false,"index":1,"modulation_alpha_intensity":1,"modulation_color":"ffc524ff","modulation_density":0.00248612437373037,"modulation_enabled":true,"modulation_intensity":0.26,"modulation_seed":-1149699550,"modulation_steps":16,"oscillate":false,"oscillation_intensity":0.04,"oscillation_offset":0.8,"oscillation_rate":0.8,"palette":"iVBORw0KGgoAAAANSUhEUgAAAAcAAAABCAIAAACdaSOZAAAAAXNSR0IArs4c6QAAAB5JREFUCJljFGbi4GHmEGLgE+XkNeMSjFTR03LjAgAO7gH3A5WAlwAAAABJRU5ErkJggg==","resolution":"(360, 240)","seed":364549687,"speed":19.6,"threshold":0,"title":"FG Nebula Dense"},"NebulaLayer2":{"alpha":0.78,"density":0.0324423671178528,"dither_enabled":true,"index":2,"modulation_alpha_intensity":1,"modulation_color":"fc0004ff","modulation_density":0.00266302079694548,"modulation_enabled":true,"modulation_intensity":0.44,"modulation_seed":-1275973336,"modulation_steps":10,"oscillate":true,"oscillation_intensity":0.04,"oscillation_offset":0.5,"oscillation_rate":0.8,"palette":"iVBORw0KGgoAAAANSUhEUgAAAAcAAAABCAIAAACdaSOZAAAAAXNSR0IArs4c6QAAAB5JREFUCJljFGbi4GHmEGLgE+XkNeMSjFTR03LjAgAO7gH3A5WAlwAAAABJRU5ErkJggg==","resolution":"(360, 240)","seed":-1232351302,"speed":29.6,"threshold":0.03,"title":"FG Nebula Coarse"},"preset_name":"Void-fire","resolution":"(360, 240)"}
